weather,time,companion,mood,spot,isHeavy,isBitter,isStrong,isBurning,taste,place,pairing,reviewerId,reviewedDrinkId
Rainy,Noon,Alone,Funny,1,1,1,1,1,Fruity,,Fried,1,1
Rainy,Noon,Alone,Funny,1,1,1,1,1,Fruity,,Fried,1,2
Rainy,Noon,Alone,Funny,1,1,1,1,1,Fruity,,Fried,1,3
Rainy,Noon,Alone,Funny,1,1,1,1,1,Fruity,,Fried,1,4
Rainy,Noon,Alone,Funny,1,1,1,1,1,Fruity,,Fried,1,5
Rainy,Noon,Alone,Funny,1,1,1,1,1,Fruity,,Fried,1,6
Rainy,Noon,Alone,Funny,1,1,1,1,1,Fruity,,Fried,1,7
Rainy,Noon,Alone,Funny,1,1,1,1,1,Fruity,,Fried,1,8
Rainy,Noon,Alone,Funny,1,1,1,1,1,Fruity,,Fried,1,9
Rainy,Noon,Alone,Funny,1,1,1,1,1,Fruity,,Fried,1,10
Rainy,Noon,Alone,Funny,1,1,1,1,1,Fruity,,Fried,1,11
Rainy,Noon,Alone,Funny,1,1,1,1,1,Fruity,,Fried,1,12
Rainy,Noon,Alone,Funny,1,1,1,1,1,Fruity,,Fried,1,13
Rainy,Noon,Alone,Funny,1,1,1,1,1,Fruity,,Fried,1,14
Rainy,Noon,Alone,Funny,1,1,1,1,1,Fruity,,Fried,1,15
Rainy,Noon,Alone,Funny,1,1,1,1,1,Fruity,,Fried,1,16
Rainy,Noon,Alone,Funny,1,1,1,1,1,Fruity,,Fried,1,17
Rainy,Noon,Alone,Funny,1,1,1,1,1,Fruity,,Fried,1,18
Rainy,Noon,Alone,Funny,1,1,1,1,1,Fruity,,Fried,1,19
Rainy,Noon,Alone,Funny,1,1,1,1,1,Fruity,,Fried,1,20
Rainy,Noon,Alone,Funny,1,1,1,1,1,Fruity,,Fried,1,21
Rainy,Noon,Alone,Funny,1,1,1,1,1,Fruity,,Fried,1,22
Rainy,Noon,Alone,Funny,1,1,1,1,1,Fruity,,Fried,1,23
Rainy,Noon,Alone,Funny,1,1,1,1,1,Fruity,,Fried,1,24
Rainy,Noon,Alone,Funny,1,1,1,1,1,Fruity,,Fried,1,25
Rainy,Noon,Alone,Funny,1,1,1,1,1,Fruity,,Grilled,1,26
Rainy,Noon,Alone,Funny,1,1,1,1,1,Fruity,,Grilled,1,27
Rainy,Noon,Alone,Funny,1,1,1,1,1,Fruity,,Grilled,1,28
Rainy,Noon,Alone,Funny,1,2,2,2,2,Fruity,,Grilled,1,29
Rainy,Noon,Alone,Funny,1,2,2,2,2,Fruity,,Grilled,1,30
Rainy,Noon,Alone,Funny,1,2,2,2,2,Fruity,,Grilled,1,31
Rainy,Noon,Alone,Funny,1,2,2,2,2,Fruity,,Grilled,1,32
Rainy,Noon,Alone,Funny,1,2,2,2,2,Fruity,,Grilled,1,33
Rainy,Noon,Alone,Funny,1,2,2,2,2,Fruity,,Grilled,1,34
Rainy,Noon,Alone,Funny,1,2,2,2,2,Fruity,,Grilled,1,35
Rainy,Noon,Alone,Funny,1,2,2,2,2,Fruity,,Grilled,1,36
Rainy,Noon,Alone,Serious,1,2,2,2,2,Fruity,,Grilled,1,37
Rainy,Evening,Alone,Serious,1,2,2,2,2,Woody,,Grilled,1,38
Rainy,Evening,Alone,Serious,1,2,2,2,2,Woody,,Grilled,1,39
Snowy,Evening,Alone,Serious,1,2,2,2,2,Woody,,Grilled,1,40
Snowy,Evening,Alone,Serious,1,2,2,2,2,Woody,,Grilled,1,41
Snowy,Evening,Alone,Serious,1,2,2,2,2,Woody,,Grilled,1,42
Snowy,Evening,Alone,Serious,1,2,2,2,2,Woody,,Grilled,1,43
Snowy,Evening,Alone,Serious,1,2,2,2,2,Woody,,Grilled,1,44
Snowy,Evening,Alone,Serious,1,2,2,2,2,Woody,,Grilled,1,45
Snowy,Evening,Alone,Serious,1,2,2,2,2,Woody,,Grilled,1,46
Snowy,Evening,Alone,Serious,1,2,2,2,2,Woody,,Grilled,1,47
Snowy,Evening,Alone,Serious,1,2,2,2,2,Woody,,Grilled,1,48
Snowy,Evening,Alone,Serious,1,2,2,2,2,Woody,,Grilled,1,49
Snowy,Evening,Alone,Serious,1,2,2,2,2,Woody,,Grilled,1,50
Snowy,Evening,Alone,Serious,1,2,2,2,2,Woody,,Grilled,1,51
Snowy,Evening,Alone,Serious,1,2,2,2,2,Woody,,Grilled,1,52
Snowy,Evening,Alone,Serious,1,2,2,2,2,Woody,,Grilled,1,53
Snowy,Evening,Alone,Serious,1,2,2,2,2,Woody,,Grilled,1,54
Snowy,Evening,Alone,Serious,1,2,2,2,2,Woody,,Grilled,1,55
Snowy,Evening,Alone,Serious,1,2,2,2,2,Woody,,Cheese,1,56
Snowy,Evening,Alone,Serious,1,2,2,2,2,Woody,,Cheese,1,57
Snowy,Evening,Alone,Serious,1,2,2,2,2,Woody,,Cheese,1,58
Snowy,Evening,Alone,Serious,1,2,2,2,2,Woody,,Cheese,1,59
Snowy,Evening,Alone,Serious,1,2,2,2,2,Woody,,Cheese,1,60
Snowy,Evening,Alone,Serious,1,2,2,2,2,Woody,,Cheese,1,61
Snowy,Evening,Alone,Serious,1,2,2,2,2,Woody,,Cheese,1,62
Snowy,Evening,Alone,Serious,1,2,2,2,2,Woody,,Cheese,1,63
Snowy,Evening,Alone,Serious,1,2,2,2,2,Woody,,Cheese,1,64
Snowy,Evening,Alone,Serious,1,2,2,2,2,Woody,,Cheese,1,65
Snowy,Evening,Alone,Romantic,1,2,2,2,2,Woody,,Cheese,1,66
Snowy,Evening,Alone,Romantic,1,2,2,2,2,Woody,,Cheese,1,67
Snowy,Evening,Alone,Romantic,1,2,2,2,2,Woody,,Cheese,1,68
Snowy,Evening,Alone,Romantic,1,2,2,2,2,Woody,,Cheese,1,69
Snowy,Evening,Alone,Romantic,1,2,2,2,2,Flower,,Cheese,1,70
Snowy,Evening,Alone,Romantic,1,2,2,2,2,Flower,,Cheese,1,71
Snowy,Evening,Alone,Romantic,1,2,2,2,2,Flower,,Cheese,1,72
Snowy,Evening,Alone,Romantic,1,2,2,2,2,Flower,,Cheese,1,73
Snowy,Evening,Alone,Romantic,1,2,2,2,2,Flower,,Cheese,1,74
Snowy,Evening,Alone,Romantic,1,2,2,2,2,Flower,,Cheese,1,75
Snowy,Evening,Alone,Romantic,1,2,2,2,2,Flower,,Cheese,1,76
Snowy,Evening,Alone,Romantic,1,2,2,2,2,Flower,,Cheese,1,77
Snowy,Evening,Alone,Romantic,1,2,2,2,2,Flower,,Salad,1,78
Snowy,Evening,Alone,Romantic,1,2,2,2,2,Flower,,Salad,1,79
Snowy,Evening,Alone,Romantic,1,2,2,2,2,Flower,,Salad,1,80
Snowy,Evening,Alone,Romantic,1,2,2,2,2,Flower,,Salad,1,81
Snowy,Evening,Alone,Romantic,1,2,2,2,2,Flower,,Salad,1,82
Snowy,Evening,Alone,Romantic,1,2,2,2,2,Flower,,Salad,1,83
Snowy,Evening,Alone,Romantic,1,2,2,2,2,Flower,,Salad,1,84
Snowy,Evening,Alone,Romantic,1,2,2,2,2,Flower,,Salad,1,85
Snowy,Evening,Alone,Romantic,1,2,2,2,2,Flower,,Salad,1,86
Snowy,Evening,Alone,Romantic,1,2,2,2,2,Flower,,Salad,1,87
Snowy,Evening,Alone,Romantic,1,2,2,2,2,Flower,,Salad,1,88
Snowy,Evening,Alone,Romantic,1,2,2,2,2,Flower,,Salad,1,89
Snowy,Evening,Alone,Romantic,1,2,2,2,2,Flower,,Salad,1,90
Snowy,Evening,Alone,Romantic,1,2,2,2,2,Flower,,Salad,1,91
Snowy,Evening,Alone,Romantic,1,2,2,2,2,Flower,,Salad,1,92
Snowy,Evening,Alone,Romantic,1,2,2,2,2,Flower,,Salad,1,93
Snowy,Evening,Alone,Romantic,1,2,2,2,2,Flower,,Salad,1,94
Snowy,Evening,Alone,Romantic,1,2,2,2,2,Flower,,Salad,1,95
Snowy,Evening,Alone,Romantic,1,2,2,2,2,Flower,,Salad,1,96
Snowy,Evening,Alone,Romantic,1,2,2,2,2,Flower,,Salad,1,97
Snowy,Evening,Alone,Romantic,1,2,2,2,2,Flower,,Salad,1,98
Snowy,Evening,Alone,Romantic,1,2,2,2,2,Flower,,Fruits,1,99
Snowy,Evening,Alone,Romantic,1,2,2,2,2,Flower,,Fruits,1,100
Snowy,Evening,Alone,Romantic,1,2,2,2,2,Flower,,Fruits,1,101
Snowy,Evening,Alone,Romantic,1,2,2,2,2,Flower,,Fruits,1,102
Snowy,Evening,Alone,Romantic,1,2,2,2,2,Flower,,Fruits,1,103
Snowy,Evening,Alone,Romantic,1,2,2,2,2,Flower,,Fruits,1,104
Snowy,Evening,Alone,Romantic,1,2,2,2,2,Flower,,Fruits,1,105
Snowy,Evening,Alone,Romantic,1,2,2,2,2,Flower,,Fruits,1,106
Snowy,Evening,Alone,Romantic,1,2,2,2,2,Flower,,Fruits,1,107
Snowy,Evening,Alone,Romantic,1,2,2,2,2,Flower,,Fruits,1,108
Snowy,Evening,Alone,Romantic,1,2,2,2,2,Austere,,Fruits,1,109
Snowy,Evening,Alone,Romantic,1,2,2,2,2,Austere,,Fruits,1,110
Snowy,Evening,Alone,Romantic,1,2,2,2,2,Austere,,Fruits,1,111
Snowy,Midnight,Alone,Romantic,1,2,2,2,2,Austere,,Fruits,1,112
Snowy,Midnight,Alone,Romantic,1,2,2,2,2,Austere,,Fruits,1,113
Snowy,Midnight,Alone,Romantic,1,2,2,2,2,Austere,,Fruits,1,114
Snowy,Midnight,Alone,Romantic,1,2,2,2,2,Austere,,Fruits,1,115
Snowy,Midnight,Alone,Romantic,1,2,2,2,2,Austere,,Fruits,1,116
Snowy,Midnight,Alone,Romantic,1,2,2,2,2,Austere,,Fruits,1,117
Snowy,Midnight,Alone,Romantic,1,2,2,2,2,Austere,,Fruits,1,118
Snowy,Midnight,Alone,Romantic,1,2,2,2,2,Austere,,Soup,1,119
Snowy,Midnight,Alone,Romantic,1,2,2,2,2,Austere,,Soup,1,120
Snowy,Midnight,Alone,Romantic,1,2,2,2,2,Austere,,Soup,1,121
Snowy,Midnight,Alone,Romantic,1,2,2,2,2,Austere,,Soup,1,122
Snowy,Midnight,Alone,Romantic,1,2,2,2,2,Austere,,Soup,1,123
Snowy,Midnight,Alone,Romantic,1,2,2,2,2,Austere,,Soup,1,124
Snowy,Midnight,Alone,Romantic,1,2,2,2,2,Austere,,Soup,1,125
Snowy,Midnight,Alone,Romantic,1,2,2,2,2,Austere,,Soup,1,126
Snowy,Midnight,Alone,Romantic,1,2,2,2,2,Austere,,Soup,1,127
Snowy,Midnight,Alone,Romantic,1,2,2,2,2,Austere,,Soup,1,128
Snowy,Midnight,Alone,Romantic,1,2,2,2,2,Austere,,Soup,1,129
Snowy,Midnight,Alone,Romantic,1,2,2,2,2,Austere,,Soup,1,130
Snowy,Midnight,Alone,Romantic,1,2,2,2,2,Austere,,Soup,1,131
Snowy,Midnight,Alone,Romantic,1,2,2,2,2,Austere,,Soup,1,132
Snowy,Midnight,Alone,Romantic,1,2,2,2,2,Austere,,Soup,1,133
Snowy,Midnight,Alone,Romantic,1,2,2,2,2,Austere,,Soup,1,134
Snowy,Midnight,Alone,Romantic,1,2,2,2,2,Austere,,Soup,1,135
Snowy,Midnight,Alone,Romantic,1,2,2,2,2,Austere,,Soup,1,136
Snowy,Midnight,Alone,Romantic,1,2,2,2,2,Austere,,Soup,1,137
Snowy,Midnight,Alone,Romantic,1,2,2,2,2,Austere,,Soup,1,138
Snowy,Midnight,Alone,Romantic,1,2,2,2,2,Austere,,Soup,1,139
Snowy,Midnight,Alone,Romantic,1,2,2,2,2,Austere,,Soup,1,140
Snowy,Midnight,Alone,Romantic,1,2,2,2,2,Austere,,Soup,1,141
Sunny,Midnight,Alone,Romantic,1,2,2,2,2,Austere,,Soup,1,142
Sunny,Midnight,Alone,Romantic,1,3,3,3,3,Austere,,AppetizersSnacks,1,143
Sunny,Midnight,Alone,Romantic,1,3,3,3,3,Austere,,AppetizersSnacks,1,144
Sunny,Midnight,Alone,Romantic,1,3,3,3,3,Austere,,AppetizersSnacks,1,145
Sunny,Midnight,Alone,Romantic,1,3,3,3,3,Austere,,AppetizersSnacks,1,146
Sunny,Midnight,Alone,Romantic,1,3,3,3,3,Austere,,AppetizersSnacks,1,147
Sunny,Midnight,Alone,Romantic,1,3,3,3,3,Austere,,AppetizersSnacks,1,148
Sunny,Dawn,Alone,Romantic,1,3,3,3,3,Austere,,AppetizersSnacks,1,149
Sunny,Dawn,Alone,Romantic,1,3,3,3,3,Austere,,AppetizersSnacks,1,150
Sunny,Dawn,Alone,Romantic,1,3,3,3,3,Austere,,AppetizersSnacks,1,151
Sunny,Dawn,Alone,Romantic,1,3,3,3,3,Austere,,AppetizersSnacks,1,152
Sunny,Dawn,Alone,Romantic,1,3,3,3,3,Austere,,AppetizersSnacks,1,153
Sunny,Dawn,Alone,Romantic,1,3,3,3,3,Austere,,AppetizersSnacks,1,154
Sunny,Dawn,Alone,Romantic,1,3,3,3,3,Austere,,AppetizersSnacks,1,155
Sunny,Dawn,Alone,Romantic,1,3,3,3,3,Austere,,AppetizersSnacks,1,156
Sunny,Dawn,Alone,Romantic,1,3,3,3,3,Austere,,AppetizersSnacks,1,157
Sunny,Dawn,Alone,Romantic,1,3,3,3,3,Austere,,AppetizersSnacks,1,158
Sunny,Dawn,Alone,Romantic,1,3,3,3,3,Austere,,AppetizersSnacks,1,159
Sunny,Dawn,Alone,Romantic,1,3,3,3,3,Austere,,AppetizersSnacks,1,160
Sunny,Dawn,Alone,Romantic,1,3,3,3,3,Austere,,AppetizersSnacks,1,161
Sunny,Dawn,Alone,Romantic,1,3,3,3,3,Austere,,AppetizersSnacks,1,162
Sunny,Dawn,Alone,Romantic,1,3,3,3,3,Austere,,AppetizersSnacks,1,163
Sunny,Dawn,Alone,Romantic,1,3,3,3,3,Austere,,AppetizersSnacks,1,164
Sunny,Dawn,Alone,Romantic,1,3,3,3,3,Austere,,AppetizersSnacks,1,165
Sunny,Dawn,Alone,Romantic,1,3,3,3,3,Austere,,AppetizersSnacks,1,166
Sunny,Dawn,Alone,Romantic,1,3,3,3,3,Austere,,AppetizersSnacks,1,167
Sunny,Dawn,Alone,Romantic,1,3,3,3,3,Austere,,AppetizersSnacks,1,168
Sunny,Dawn,Alone,Romantic,1,3,3,3,3,Austere,,AppetizersSnacks,1,169
Sunny,Dawn,Alone,Romantic,1,3,3,3,3,Austere,,AppetizersSnacks,1,170
Sunny,Dawn,Alone,Romantic,1,3,3,3,3,Austere,,AppetizersSnacks,1,171
Sunny,Dawn,Alone,Romantic,1,3,3,3,3,Austere,,AppetizersSnacks,1,172
Sunny,Dawn,Alone,Romantic,1,3,3,3,3,Austere,,AppetizersSnacks,1,173
Sunny,Dawn,Alone,Romantic,1,3,3,3,3,Austere,,AppetizersSnacks,1,174
Sunny,Dawn,Alone,Romantic,1,4,4,4,4,Austere,,AppetizersSnacks,1,175
Sunny,Dawn,Alone,Romantic,1,4,4,4,4,Austere,,AppetizersSnacks,1,176
Sunny,Dawn,Alone,Romantic,1,4,4,4,4,Austere,,AppetizersSnacks,1,177
Sunny,Dawn,Alone,Romantic,1,4,4,4,4,Austere,,AppetizersSnacks,1,178
Sunny,Dawn,Alone,Romantic,1,4,4,4,4,Austere,,AppetizersSnacks,1,179
Sunny,Dawn,Alone,Romantic,1,4,4,4,4,Austere,,AppetizersSnacks,1,180
Sunny,Dawn,Alone,Romantic,1,4,4,4,4,Austere,,AppetizersSnacks,1,181
Sunny,Dawn,Alone,Romantic,1,4,4,4,4,Austere,,AppetizersSnacks,1,182
Sunny,Dawn,Alone,Romantic,1,4,4,4,4,Austere,,Pasta,1,183
Sunny,Dawn,Alone,Romantic,1,4,4,4,4,Austere,,Pasta,1,184
Sunny,Dawn,Alone,Romantic,1,4,4,4,4,Austere,,Pasta,1,185
Sunny,Dawn,Alone,Romantic,1,4,4,4,4,Austere,,Pasta,1,186
Sunny,Dawn,Alone,Romantic,1,4,4,4,4,Austere,,Pasta,1,187
Sunny,Dawn,Alone,Romantic,1,4,4,4,4,Austere,,Pasta,1,188
Sunny,Dawn,Alone,Romantic,1,4,4,4,4,Austere,,Pasta,1,189
Sunny,Dawn,Alone,Romantic,1,4,4,4,4,Chilli,,Pasta,1,190
Sunny,Dawn,Alone,Romantic,1,4,4,4,4,Chilli,,Pasta,1,191
Sunny,Dawn,Alone,Romantic,1,4,4,4,4,Chilli,,Pasta,1,192
Sunny,Dawn,Alone,Romantic,1,4,4,4,4,Chilli,,Pasta,1,193
Sunny,Dawn,Alone,Romantic,1,4,4,4,4,Chilli,,Pasta,1,194
Sunny,Dawn,Alone,Romantic,1,4,4,4,4,Chilli,,Pasta,1,195
Sunny,Dawn,Alone,Romantic,1,4,4,4,4,Chilli,,Pasta,1,196
Sunny,Dawn,Alone,Romantic,1,4,4,4,4,Chilli,,Pasta,1,197
Sunny,Dawn,Alone,Romantic,1,4,4,4,4,Chilli,,Pasta,1,198
Sunny,Dawn,Alone,Romantic,1,4,4,4,4,Chilli,,Pasta,1,199
Sunny,Dawn,Alone,Romantic,1,4,4,4,4,Chilli,,Pasta,1,200
Sunny,Dawn,Alone,Romantic,1,4,4,4,4,Chilli,,Pasta,1,201
Cloudy,Dawn,Alone,Romantic,1,4,4,4,4,Chilli,,Pasta,1,202
Cloudy,Dawn,Alone,Romantic,1,4,4,4,4,Chilli,,Pasta,1,203
Cloudy,Dawn,Alone,Romantic,1,4,4,4,4,Chilli,,Pasta,1,204
Cloudy,Dawn,Alone,Romantic,1,4,4,4,4,Chilli,,Pasta,1,205
Cloudy,Dawn,Alone,Romantic,1,4,4,4,4,Chilli,,Pasta,1,206
Cloudy,Dawn,Alone,Romantic,1,4,4,4,4,Chilli,,Pasta,1,207
Cloudy,Dawn,Alone,Romantic,1,4,4,4,4,Chilli,,Pasta,1,208
Cloudy,Dawn,Alone,Romantic,1,4,4,4,4,Chilli,,Pasta,1,209
Cloudy,Dawn,Alone,Romantic,1,4,4,4,4,Chilli,,Pasta,1,210
Cloudy,Dawn,Alone,Crazy,1,4,4,4,4,Chilli,,Pasta,1,211
Cloudy,Dawn,Alone,Crazy,1,4,4,4,4,Chilli,,Pasta,1,212
Cloudy,Dawn,Alone,Crazy,1,4,4,4,4,Chilli,,Pasta,1,213
Cloudy,Dawn,Alone,Crazy,1,4,4,4,4,Chilli,,Pasta,1,214
Cloudy,Dawn,Alone,Crazy,1,4,4,4,4,Chilli,,Pasta,1,215
Cloudy,Dawn,Alone,Crazy,1,4,4,4,4,Chilli,,Pasta,1,216
Cloudy,Dawn,Alone,Crazy,1,4,4,4,4,Chilli,,Pasta,1,217
Cloudy,Dawn,Alone,Crazy,1,4,4,4,4,Chilli,,Pasta,1,218
Cloudy,Dawn,Alone,Crazy,1,4,4,4,4,Chilli,,Pasta,1,219
Cloudy,Dawn,Alone,Crazy,1,4,4,4,4,Chilli,,Pasta,1,220
Cloudy,Dawn,Alone,Crazy,1,4,4,4,4,Chilli,,Pasta,1,221
Cloudy,Dawn,Alone,Crazy,1,4,4,4,4,Chilli,,Pasta,1,222
Cloudy,Dawn,Alone,Crazy,1,4,4,4,4,Chilli,,Pasta,1,223
Cloudy,Dawn,Alone,Crazy,1,4,4,4,4,Chilli,,Pasta,1,224
Cloudy,Dawn,Alone,Crazy,1,5,5,5,5,Chilli,,Pasta,1,225
Cloudy,Dawn,Alone,Crazy,1,5,5,5,5,Chilli,,Pasta,1,226
Cloudy,Dawn,Alone,Crazy,1,5,5,5,5,Chilli,,Pasta,1,227
Cloudy,Dawn,Alone,Crazy,1,5,5,5,5,Chilli,,Pasta,1,228
Cloudy,Dawn,Alone,Crazy,1,5,5,5,5,Chilli,,Pasta,1,229
Cloudy,Dawn,Alone,Crazy,1,5,5,5,5,Chilli,,Pasta,1,230
Cloudy,Dawn,Alone,Crazy,1,5,5,5,5,Chilli,,Pasta,1,231
Cloudy,Dawn,Alone,Crazy,1,5,5,5,5,Chilli,,Pasta,1,232
Cloudy,Dawn,Alone,Crazy,1,5,5,5,5,Chilli,,Pasta,1,233
Cloudy,Dawn,Alone,Crazy,1,5,5,5,5,Chilli,,Pasta,1,234
Cloudy,Dawn,Alone,Crazy,1,5,5,5,5,Chilli,,Pasta,1,235
Cloudy,Dawn,Alone,Crazy,1,5,5,5,5,Chilli,,Pasta,1,236
Cloudy,Dawn,Alone,Crazy,1,5,5,5,5,Chilli,,Pasta,1,237
Cloudy,Dawn,Alone,Crazy,1,5,5,5,5,Chilli,,Pasta,1,238
Cloudy,Dawn,Alone,Crazy,1,5,5,5,5,Chilli,,Pasta,1,239
Cloudy,Dawn,Alone,Crazy,1,5,5,5,5,Chilli,,Pasta,1,240
Cloudy,Dawn,Alone,Crazy,1,5,5,5,5,Chilli,,Pasta,1,241
Cloudy,Dawn,Alone,Crazy,1,5,5,5,5,Chilli,,Pasta,1,242
Cloudy,Dawn,Alone,Crazy,1,5,5,5,5,Chilli,,Pasta,1,243
Cloudy,Dawn,Alone,Crazy,1,5,5,5,5,Chilli,,Pasta,1,244
Cloudy,Dawn,Alone,Crazy,1,5,5,5,5,Chilli,,Pasta,1,245
Cloudy,Dawn,Alone,Crazy,1,5,5,5,5,Chilli,,Pasta,1,246
Cloudy,Dawn,Alone,Crazy,1,5,5,5,5,Chilli,,Pasta,1,247
Cloudy,Dawn,Alone,Crazy,1,5,5,5,5,Chilli,,Pasta,1,248
Cloudy,Dawn,Alone,Crazy,1,5,5,5,5,Chilli,,Pasta,1,249
Cloudy,Dawn,Alone,Crazy,1,5,5,5,5,Chilli,,Pasta,1,250
Cloudy,Dawn,Alone,Crazy,1,5,5,5,5,Chilli,,Pasta,1,251
Cloudy,Dawn,Alone,Crazy,1,5,5,5,5,Chilli,,Pasta,1,252
Cloudy,Dawn,Alone,Crazy,1,5,5,5,5,Chilli,,Pasta,1,253
Cloudy,Dawn,Alone,Crazy,1,5,5,5,5,Chilli,,Pasta,1,254
Cloudy,Dawn,Alone,Crazy,1,5,5,5,5,Chilli,,Pasta,1,255
Cloudy,Dawn,Alone,Crazy,1,5,5,5,5,Chilli,,Pasta,1,256
Cloudy,Dawn,Alone,Crazy,1,5,5,5,5,Chilli,,Pasta,1,257
Cloudy,Dawn,Alone,Crazy,1,5,5,5,5,Chilli,,Pasta,1,258
Cloudy,Dawn,Alone,Crazy,1,5,5,5,5,Chilli,,Pasta,1,259
Cloudy,Dawn,Alone,Crazy,1,5,5,5,5,Chilli,,Pasta,1,260
Cloudy,Dawn,Alone,Crazy,1,5,5,5,5,Chilli,,Pasta,1,261
Cloudy,Dawn,Alone,Crazy,1,5,5,5,5,Chilli,,Pasta,1,262
Cloudy,Dawn,Alone,Crazy,1,5,5,5,5,Chilli,,Pasta,1,263
Cloudy,Dawn,Alone,Crazy,1,5,5,5,5,Chilli,,Pasta,1,264
Cloudy,Dawn,Alone,Crazy,1,5,5,5,5,Chilli,,Pasta,1,265
Cloudy,Dawn,Alone,Crazy,1,5,5,5,5,Chilli,,Pasta,1,266
Cloudy,Dawn,Alone,Crazy,1,5,5,5,5,Chilli,,Pasta,1,267
Cloudy,Dawn,Alone,Crazy,1,5,5,5,5,Chilli,,Pasta,1,268
Cloudy,Dawn,Alone,Crazy,1,5,5,5,5,Chilli,,Pasta,1,269
Cloudy,Dawn,Alone,Crazy,1,5,5,5,5,Chilli,,Pasta,1,270
Cloudy,Dawn,Alone,Crazy,1,5,5,5,5,Chilli,,Pasta,1,271
Cloudy,Dawn,Alone,Crazy,1,5,5,5,5,Chilli,,Pasta,1,272
Cloudy,Dawn,Alone,Crazy,1,5,5,5,5,Chilli,,Pasta,1,273
Cloudy,Dawn,Alone,Crazy,1,5,5,5,5,Chilli,,Pasta,1,274
Cloudy,Dawn,Alone,Crazy,1,5,5,5,5,Unknown,,Pasta,1,275
Cloudy,Dawn,Alone,Crazy,1,5,5,5,5,Unknown,,Pasta,1,276
Cloudy,Dawn,Alone,Crazy,1,5,5,5,5,Unknown,,Pasta,1,277
Cloudy,Dawn,Alone,Crazy,1,5,5,5,5,Unknown,,Pasta,1,278
Cloudy,Dawn,Alone,Crazy,1,5,5,5,5,Unknown,,Pasta,1,279
Cloudy,Dawn,Alone,Crazy,1,5,5,5,5,Unknown,,Pasta,1,280
Cloudy,Dawn,Alone,Crazy,1,5,5,5,5,Unknown,,Pasta,1,281
Cloudy,Dawn,Alone,Crazy,1,5,5,5,5,Unknown,,Pasta,1,282
Cloudy,Dawn,Alone,Crazy,1,5,5,5,5,Unknown,,Pasta,1,283
Cloudy,Dawn,Alone,Crazy,1,5,5,5,5,Unknown,,Pasta,1,284
Cloudy,Dawn,Alone,Crazy,1,5,5,5,5,Unknown,,Pasta,1,285
Cloudy,Dawn,Alone,Crazy,1,5,5,5,5,Unknown,,Pasta,1,286
Cloudy,Dawn,Alone,Crazy,1,5,5,5,5,Unknown,,Pasta,1,287
Cloudy,Dawn,Alone,Crazy,1,5,5,5,5,Unknown,,Pasta,1,288
Cloudy,Dawn,Alone,Crazy,1,5,5,5,5,Unknown,,Pasta,1,289
Cloudy,Dawn,Alone,Crazy,1,5,5,5,5,Unknown,,Pasta,1,290
Cloudy,Dawn,Alone,Crazy,1,5,5,5,5,Unknown,,Pasta,1,291
Cloudy,Dawn,Alone,Crazy,1,5,5,5,5,Unknown,,Pasta,1,292
Cloudy,Dawn,Alone,Crazy,1,5,5,5,5,Unknown,,Pasta,1,293
Cloudy,Dawn,Alone,Crazy,1,5,5,5,5,Unknown,,Pasta,1,294
Cloudy,Dawn,Alone,Crazy,1,5,5,5,5,Unknown,,Pasta,1,295
Cloudy,Dawn,Alone,Crazy,1,5,5,5,5,Unknown,,Pasta,1,296
Cloudy,Dawn,Alone,Crazy,1,5,5,5,5,Unknown,,Pasta,1,297
Cloudy,Dawn,Alone,Crazy,1,5,5,5,5,Unknown,,Pasta,1,298
Cloudy,Dawn,Alone,Crazy,1,5,5,5,5,Unknown,,Pasta,1,299
Cloudy,Dawn,Alone,Crazy,1,5,5,5,5,Unknown,,Pasta,1,300
Cloudy,Dawn,Alone,Crazy,1,5,5,5,5,Unknown,,Pasta,1,301
Cloudy,Dawn,Alone,Crazy,1,5,5,5,5,Unknown,,Pasta,1,302
Cloudy,Dawn,Alone,Crazy,1,5,5,5,5,Unknown,,Pasta,1,303
Cloudy,Dawn,Alone,Crazy,1,5,5,5,5,Unknown,,Pasta,1,304
Cloudy,Dawn,Alone,Crazy,1,5,5,5,5,Unknown,,Pasta,1,305
Cloudy,Dawn,Alone,Crazy,1,5,5,5,5,Unknown,,Pasta,1,306
Cloudy,Dawn,Alone,Crazy,1,5,5,5,5,Unknown,,Pasta,1,307
Cloudy,Dawn,Alone,Crazy,1,5,5,5,5,Unknown,,Pasta,1,308
Cloudy,Dawn,Alone,Crazy,1,5,5,5,5,Unknown,,Pasta,1,309
Cloudy,Dawn,Alone,Crazy,1,5,5,5,5,Unknown,,Pasta,1,310
Cloudy,Dawn,Alone,Crazy,1,5,5,5,5,Unknown,,Pasta,1,311
Cloudy,Dawn,Alone,Crazy,1,5,5,5,5,Unknown,,Pasta,1,312
Cloudy,Dawn,Alone,Crazy,1,5,5,5,5,Unknown,,Pasta,1,313
Cloudy,Dawn,Alone,Crazy,1,5,5,5,5,Unknown,,Pasta,1,314
Cloudy,Dawn,Alone,Crazy,1,5,5,5,5,Unknown,,Pasta,1,315
Cloudy,Dawn,Alone,Crazy,1,5,5,5,5,Unknown,,Pasta,1,316
Cloudy,Dawn,Alone,Crazy,1,5,5,5,5,Unknown,,Pasta,1,317
Cloudy,Dawn,Alone,Crazy,1,5,5,5,5,Unknown,,Pasta,1,318
Cloudy,Dawn,Alone,Crazy,1,5,5,5,5,Unknown,,Pasta,1,319
Cloudy,Dawn,Alone,Crazy,1,5,5,5,5,Unknown,,Pasta,1,320
Cloudy,Dawn,Alone,Crazy,1,5,5,5,5,Unknown,,Pasta,1,321
Cloudy,Dawn,Alone,Crazy,1,5,5,5,5,Unknown,,Pasta,1,322
Cloudy,Dawn,Alone,Crazy,1,5,5,5,5,Unknown,,Pasta,1,323
Cloudy,Dawn,Alone,Crazy,1,5,5,5,5,Unknown,,Pasta,1,324
Cloudy,Dawn,Alone,Crazy,1,5,5,5,5,Unknown,,Pasta,1,325
Cloudy,Dawn,Alone,Crazy,1,5,5,5,5,Unknown,,Pasta,1,326
Cloudy,Dawn,Alone,Crazy,1,5,5,5,5,Unknown,,Pasta,1,327